Name,Aadhar Number,First Name,Last Name,Email,Mobile Number,Blood Group,Date of Birth,Gender,Nationality,Religion,Differently Abled,Type of Disability,Community,Mother Tongue,Program Name,Associated Department,Mode of Admission,Admission Category,SSLC School Address,SSLC Year of Passing,SSLC Board or University,SSLC Group,SSLC Percentage,HSC School Address,HSC Year of Passing,HSC Board of Study,HSC Group,HSC Percentage,HSC Maths,HSC Physics,HSC Chemistry,Current Address,Permanent Address,Father Name,Father Email,Father Mobile Number,Father Date of Birth,Father Qualification,Father Occupation,Father Designation,Father Annual Income,Mother Name,Mother Email,Mother Mobile Number,Mother Date of Birth,Mother Qualification,Mother Occupation,Mother Designation,Mother Annual Income
John Doe K,232345678567,John Doe,K,johndoe2210456@ssn.edu.in,7890765432,B+,23-08-2004,Male,Indian,Christian,Yes,Physical,BC,Tamil,B.Tech Information Technology,Information Technology,Management,General,"Leo Schools,COIMBATORE",2020,Tamilnadu board,NA,98,"Leo Schools,COIMBATORE",2022,Tamilnadu board,Biology,97,97,90,99,"No.4A,Bommalattam street,Coimbatore","No.4A,Bommalattam street,Coimbatore",Krish,rckani@hotmail.com,9087340912,15-03-1970,B.Com,Government Officer,Clerk,500000,Ragavi,ragavi@gmail.com,7373987632,05-09-1980,SSLC,Government Officer,Postmaster,650000
Santhosh Kumar M,232345678890,Santhosh Kumar,M,santhosh2210410@ssn.edu.in,7763087618,O+,23-07-2004,Male,Indian,Hindu,No,NA,BC,Tamil,B.E.Computer Science,Computer Science,Counselling,7.5 reservation,"Kamarajar School,Erode",2020,Tamilnadu board,NA,80,"Kamarajar School,Erode",2022,Tamilnadu board,Computer Science,85,80,70,90,"Street No. 14, Gandhi street Erode","Street No. 14, Gandhi street Erode",Madhvan,madhvan2390@gmail.com,7436091096,15-03-1975,HSC,Government Officer,clerk,500000,Radha,radha567@gmail.com,98714307634,14-03-1979,SSLC,House wife,NA,NA
Deepak Chahar,333456712073,Deepak,Chahar,deepakchahar2210736@ssn.edu.in,9845673043,AB-,23-12-2004,Male,Indian,Hindu,NO,NA,General,Telugu,B.Tech Information Technology,Information Technology,Counselling,General,"Monk Schools, Krishnagiri",2020,Telangana board,NA,98,"Monk Schools, Krishnagiri",2022,Telangana board,Biology,95,97,90,95,"No.234, Priest street Krishnagiri ","No.234, Priest street Krishnagiri ",Murali,muralimurali@gmail.com,723456098,30-06-1970,BE,Mechanical Engineer,Manager,1500000,sumathi,sumathinm@gmail.com,989458582,08-04-1972,M.A.B.Ed,Government Officer,Teacher,1200000
Monica P,232345678234,Monica ,P,monica2210090@ssn.edu.in,9897645321,A+,03-10-2004,Female,Indian,Hindu,No,NA,SC,Tamil,B.E.Mechanical Engineering,Mechanical,Management,General,"SBOA School, Salem",2020,Tamilnadu board,NA,98,"SBOA School, Salem",2022,Tamilnadu board,Biology,97,97,90,99,"FLAT NO :87, Saradha apartment,Salem","FLAT NO :87, Saradha apartment,Salem",Prabhakaran,prabha@gmail.com,9090987654,16-08-1970,B.Com,Government officer,Bank manager,1000000,Reema,Reema5@gmail.com,9234567890,25-08-1985,B.E.Chemical Engineering ,Chief Chemical Engineer,Team manager,1256000
Sharukh Khan L,23234567878,Sharukh Khan,L,sharukhkhan2210345@ssn.edu.in,7809999888,A+,28-08-2004,Male,Indian,Muslim,Yes,Physical,BC,Hindi,B.Tech Cyber security,Computer Science,Counselling,General,DAV School Chennai,2020,Tamilnadu board,NA,98,DAV School Chennai,2022,Tamilnadu board,Biology,92,93,90,98,"Flat no:4, Manju Apartment, Anna nagar, Chrompet","Flat no:4, Manju Apartment, Anna nagar, Chrompet",Lokesh Khan,lokesh23456@gmail.com,8454665789,15-08-1975,SSLC, Private Employer,Chief Executive Officer,1234000,Shreya Saran,shreyasaran123@gmail.com,7654890995,25-03-1979,HSC,Government Officer,Bank manager,1256000
Sujith Bala V,2323498765678,Sujith Bala,V,sujithbala2210786@ssn.edu.in,9876530130,AB-,28-01-2004,Male,Indian,Hindu,No,NA,ST,Tamil,B.E.Biomedical Engineering,Biomedical,Counselling,SC/ST category,"Bagalur School, Hosur",2020,Tamilnadu board,NA,80,"Bagalur School, Hosur",2022,Tamilnadu board,Biology,85,90,85,95,"Plot No:80, Vivekanandar street, Hosur","Plot No:80, Vivekanandar street, Hosur",Vivek S,vivek987@gmail.com,8767890845,31-01-1970,B.Ed,Government Officer,Teacher,100000,Sunitha,suni2102@gmail.com,7890123450,21-02-1973,SSLC,House wife,NA,NA
Danesh R,40089076456,Danesh,R,danesh2210769@ssn.edu.in,7890789750,B+,11-06-2005,Male,Indian,Hindu,No,NA,BC,Telugu,B.Tech Information Technology,Information Technology,Counselling,General,"Velammal School, Chennai",2020,CBSE,NA,97,"Velammal School, Chennai",2022,CBSE,Computere Science,96,99,90,100,"Sri Krishna Colony, Chennai","Sri Krishna Colony, Chennai",Ramesh,ramesh56@gmail.com,9087434007,17-06-1970,BE ,Private Employee,Civil Engineer,1200000,Vedhavathi,vedha@gmail.com,9959522708,03-01-1973,SSLC,House wife,NA,NA
Manju Sri S,331209324356,Manju Sri,S,manjusri2210732@ssn.edu.in,9360820940,O+,23-06-2004,Female,Indian,Hindu,No,NA,BC,Telugu,B.tech Information Technology,Information Technology,Counselling,General,"Bagalur School, Hosur",2020,Tamilnadu board,NA,99,"Bagalur School, Hosur",2022,Tamilnadu board,Biology,97,97,100,99,"Plot no:36 Valluvar Nagar, Rayakotta road, Hosur","Plot no:36 Valluvar Nagar, Rayakotta road, Hosur",Suresh S,Suresh15@gmail.com,9894006470,13-12-1970,BE.Mechanical Engineering ,Mechanical Engineer,Senior Manager,2000000,Ragavi,ragavi@gmail.com,9867898487,05-03-1975,MBA,Government Officer,Bank Manager,1230000
Farthima S,4567890145,Farthima,S,farthima2210007@ssn.edu.in,9894006485,A-,01-01-2004,Female,Indian,Muslim,No,NA,BC,Hindi,B.E Civil Engineering,Civil,Counselling,General,"Race School, Coimbatore",2020,CBSE,NA,90,"Race School, Coimbatore",2022,CBSE,Biology,95,98,90,96,"No:12, Maharani Avenue, Vadavalli, Coimbatore","No:12, Maharani avenue, Vadavalli, Coimbatore",Sherif,sherif123@gmail.com,9090765438,25-07-1970,CA,Government officer,Auditor,2550000,Rafikka,Rafikka045@gmail.com,9891234567,13-07-1975,B.com,Government officer,Bank employee,900000
Vithula S,333456712309,Vithula,S,vithula2210321@ssn.edu.in,7989400642,B-,31/03/2003,Female,Indian,Hindu,No,NA,BC,Tamil,B.Tech Information Technology,Information Technology,Management,General,"Maharishi Vidhya Mandir, Chennai",2020,CBSE,NA,98,"Maharishi Vidhya Mandir, Chennai",2022,CBSE,Biology,97,97,90,99,"No:09, Lotus apartment, Sholinganallur, Chennai","No:09, Lotus apartment, Sholinganallur, Chennai",Srinivasan,shri01@gmail.com,9865453472,17-06-1975,BE.Computer Science,Software Engineer,Executive,2000000,Dhana,dhana03@gmail.com,9897650987,18-11-1980,B.com,House wife,NA,NA
Maheswari H,659731542003,Maheswari,H,maheswari2210111@ssn.edu.in,9431056725,B+,31/12/2004,Female,Indian,Hindu,No,NA,BC,Tamil,B.Tech Information Technology,Information Technology,Counselling,General,"Maharishi Vidhya Mandir, Chennai",2020,CBSE,NA,97,"Maharishi Vidhya Mandir, Chennai",2022,CBSE,Computer Science,96,99,98,97,"No:19, Vindhya apartment, Egmore, Chennai","No:19, Vindhya apartment, Egmore, Chennai",Hariharan,hari896@gmail.com,8593754100,27-07-1973,BE.Computer Science,Software Engineer,Executive,2200000,Gopika,gopika75@gmail.com,8310246988,08-11-1975,CA,Government Officer,Auditor,1900000
Manoj R D,956321014785,Manoj,R D,manoj2210100@ssn.edu.in,8869326650,A+,15/07/2004,Male,Indian,Hindu,No,NA,BC,Tamil,B.Tech Information Technology,Information Technology,Counselling,General,"Everwin Vidhyashram, Chennai",2020,CBSE,NA,95,"Everwin Vidhyashram, Chennai",2022,CBSE,Biology,98,99,99,99,"No:63, Modern Valley apartment, Kilpauk, Chennai","No:63, Modern Valley apartment, Kilpauk, Chennai",Dhanush,dhanush125@gmail.com,8953220163,05-03-1974,B.Arch,Architect,Architect,2500000,Kala,kala76@gmail.com,9652147555,18-11-1976,B.com,Government Employee,Clerk,1000000
Kalaivani S,869532010014,Kalaivani,S,kalaivani2210051@ssn.edu.in,9862001455,O+,17/08/2004,Female,Indian,Hindu,No,NA,MBC,Tamil,B.Tech Information Technology,Information Technology,Counselling,General,"DAV School, Chennai",2020,CBSE,NA,96,"DAV School ,Chennai",2022,CBSE,Computer Science,98,99,100,99,"No:99, Bougainvillea apartment, Kolathur, Chennai","No:99, Bougainvillea apartment, Kolathur, Chennai",Santhosh,santhosh159@gmail.com,8864021302,18-12-1973,MBA,Private Employee,Sales Director,1900000,Lavanya,lavanya02@gmail.com,9684253102,19-03-1975,BE Electrical and Electronics Engineering,House wife,NA,NA
Prajith D,930015248963,Prajith,D,prajith2210687@ssn.edu.in,9513760024,B-,09/09/2004,Male,Indian,Hindu,No,NA,BC,Tamil,B.Tech Information Technology,Information Technology,Management,General,"DAV Boys Sr. Sec School, Chennai",2020,CBSE,NA,93,"DAV Boys Sr. Sec School, Chennai",2022,CBSE,Biology,94,95,97,98,"No:79, Paradise apartment, Kolathur, Chennai","No:79, Paradise apartment, Kolathur, Chennai",Dharun,dharun45@gmail.com,9642001358,19-10-1971,BE.Computer Science,Software Engineer,Executive,1800000,Ramya,ramya56@gmail.com,9641032568,18-06-1973,B.com,House wife,NA,NA
Prakshi M,973350168200,Prakshi,M,prakshi2210503@ssn.edu.in,8562036894,B+,29/08/2004,Female,Indian,Hindu,No,NA,MBC,Tamil,B.Tech Information Technology,Information Technology,Counselling,General,"Mahalakshmi Vidhyalaya, Chennai",2020,CBSE,NA,96,"Mahalakshmi Vidhyalaya, Chennai",2022,CBSE,Computer Science,99,100,100,100,"76/89, Bajrang apartment, Pallikaranai, Chennai","76/89, Bajrang apartment, Pallikaranai, Chennai",Madhavan,madhavan12@gmail.com,9658238641,09-04-1974,LLB Hons,Government Employee,Corporate Counsellor,2800000,Rukmini,rukmini86@gmail.com,8695332001,11-06-1976,MA English Literature,Mass Communication,Senior Journalist,3045000
Clara J,668521475699,Clara,J,clara2210295@ssn.edu.in,8853015247,B+,24/05/2004,Female,Indian,Christian,No,NA,BC,Tamil,B.Tech Information Technology,Information Technology,Counselling,General,"CSI Bains School, Chennai",2020,State Board,NA,94,"CSI Bains School, Chennai",2022,State Board,Computer Science,96,99,95,97,"No:47, Rainbow Colony, Annanagar, Chennai","No:47, Rainbow Colony, Annanagar, Chennai",Jen Joseph,jen56@gmail.com,9541203665,14-04-1970,BE,Government Employee,Postal Assisstant,1200000,Alia,alia50@gmail.com,8533029965,19-10-1972,BE,Government Employee,Clerk,900000
Ram Prasad G,956820014753,Ram Prasad,G,ramprasad2210324@ssn.edu.in,9123459687,AB-,05/07/2004,Male,Indian,Hindu,No,NA,BC,Tamil,B.Tech Information Technology,Information Technology,Counselling,General,"SBOA Matric, Chennai",2020,State Board,NA,97,"SBOA Matric, Chennai",2022,State Board,Computer Science,98,98,98,98,"No:49, Hillway Colony, Sholinganallur, Chennai","No:49, Hillway Colony, Sholinganallur, Chennai",Guganeshwar,gugan45@gmail.com,9563002001,15-12-1975,MBA,Private Business,Businessman,2500000,Ragini,ragini73@gmail.com,9632001450,14-06-1977,BE,House wife,NA,NA
Farina M,962201453302,Farina,M,farina2210868@ssn.edu.in,7698552014,O-,17/07/2004,Female,Indian,Muslim,No,NA,BCM,Tamil,B.Tech Information Technology,Information Technology,Management,General,"Chennai Public School, Chennai",2020,CBSE,NA,95,"Chennai Public School, Chennai",2022,CBSE,Biology,96,96,97,96,"45/82, Willows apartment, Saidapet, Chennai","45/82, Willows apartment, Saidapet, Chennai",Mohammed Kharif,mohammedkharif45@gmail.com,9630021001,07-09-1972,MBA,Businessman,Private Business,2000000,Fathima,fathima63@gmail.com,8862015411,17-02-1974,M.E,Public Sector,Bank Manager,1500000
Jenifer J,964100257896,Jenifer,J,jenifer2210252@ssn.edu.in,9512425889,AB+,20/08/2004,Female,Indian,Christian,No,NA,BC,Tamil,B.Tech Information Technology,Information Technology,Counselling,General,"St. Mary's School, Chennai",2020,State Board,NA,97,"St. Mary's School, Chennai",2022,State Board,Computer Science,98,99,97,98,"No:10, Jaguar apartment, Mambalam, Chennai","No:10, Jaguar apartment, Mambalam, Chennai",John Samuel,johnsamuel44@gmail.com,8852013002,11-12-1971,M.com,Public Sector,Bank Manager,1700000,Christina,christina447@gmail.com,8625477411,28-01-1973,CA,Private Employee,Auditor,1500000
Tanushree V,456320021478,Tanushree,V,tanushree2210549@ssn.edu.in,8856200132,O+,21/05/2004,Female,Indian,Hindu,No,NA,BC,Tamil,B.Tech Information Technology,Information Technology,Counselling,General,"Alagappa School, Chennai",2020,State Board,NA,95,"Alagappa School, Chennai",2022,State Board,Computer Science,98,99,97,99,"No:20, Magnum apartment, Choolai, Chennai","No:20, Magnum apartment, Choolai, Chennai",Venkataraman,venkat78@gmail.com,9655474410,14-04-1974,MCA,Database Engineer,Executive,1100000,Padma,padma56@gmail.com,9877441024,17-12-1976,ME,Electrical Engineer,Manager,1300000
